category,total_sold,total_returned,return_percentage
Toys,1292083,130349,10.08828380220156
Books,1281139,128863,10.058471407083852
Sports,1272271,127587,10.02828799839028
Beauty,1292321,129583,10.02715269658235
Electronics,1276881,127917,10.017926494324843
Clothing,1281718,128215,10.00337047618899
Home & Kitchen,1302863,130221,9.994987961128682
